recharge_id,msisdn,amount_egp,recharge_timestamp,channel,_reject_reason
e8df477b-b74c-422f-a4a4-40b1241e07f2,+201038802730,-15,2022-08-13 18:10:57,retailer,negative_or_zero_amount
a69496e4-e4b0-477c-a105-0429c6f647b6,+201196384526,25,2021-11-29 09:44:47,online,msisdn_not_in_customers
2ad840e0-d71e-4d58-8761-1c681adc86fa,+201138520232,-20,2021-02-17 06:29:24,online,negative_or_zero_amount
992e48c9-84f8-4670-bab3-7ab1ceeb1110,+201233611371,100,2022-12-29 08:41:19,app,msisdn_not_in_customers
69244f29-4407-432b-b4d8-54ecba5ef55c,+201132737989,15,2022-02-23 12:14:50,ussd,msisdn_not_in_customers
55240ed9-189a-4b77-83ee-ad9fb75729de,+201060652740,100,2021-01-02 01:39:36,app,msisdn_not_in_customers
eaa63799-ba2a-4eae-91e7-1bdfa817ba40,+201132737989,150,2022-06-17 16:11:20,app,msisdn_not_in_customers
e0188b1b-ddfa-4918-a8c2-cafab4914eb1,+201144614409,-5,2022-06-16 20:10:41,ussd,negative_or_zero_amount
abc05fcf-56dd-4913-b667-b6bb3aa0433e,+201152090421,-20,2021-11-21 16:38:11,app,msisdn_not_in_customers
216708d8-e7ee-47ef-a0de-24b5f05c2056,+201251848947,20,2022-03-05 06:41:54,ussd,msisdn_not_in_customers
de1a1771-b3b6-42aa-bbe9-f48d085f4c99,+201584290292,-10,2021-03-21 07:51:35,ussd,negative_or_zero_amount
4dc414b8-aedb-4c6a-b570-2ce55ddcf6b8,+201136133760,30,2022-07-17 04:02:35,retailer,msisdn_not_in_customers
7d791797-fd98-4462-9e13-2432500b5f39,+201189888167,-5,2021-05-22 00:42:26,retailer,negative_or_zero_amount
fef62103-b151-422c-83be-b042694b2733,+201501347789,25,2022-03-07 07:35:10,online,msisdn_not_in_customers
a8966c22-8638-4586-882f-f3f7aca7085e,+201198863653,-50,2021-01-28 16:41:09,ussd,negative_or_zero_amount
bb31a65b-317d-4b8a-b351-2144a18b0d02,+201548768057,-150,2021-03-26 20:17:57,ussd,negative_or_zero_amount
b972813f-9deb-4973-8f5c-ef20c98c6693,+201080466196,100,2021-02-19 14:46:26,app,msisdn_not_in_customers
0bc7f64b-e978-40e7-9304-855b5bde87a3,+201263122417,-25,2021-09-01 21:48:26,ussd,negative_or_zero_amount
3db2dbc0-af5b-4dcd-8099-20e8817ba0cc,+201217244472,200,2022-01-19 00:42:21,app,msisdn_not_in_customers
13548bbf-c672-4662-869f-b5481e76a34e,+201067065405,-15,2021-06-01 19:20:13,app,negative_or_zero_amount
fc0fe99e-54e6-48ce-a1fa-acde80e3e130,+201019397814,20,2021-01-02 21:42:43,retailer,msisdn_not_in_customers
e1b8842f-c8d3-46d1-80c8-5a31e12ee140,+201132737989,5,2022-10-24 20:15:14,online,msisdn_not_in_customers
72c80aac-89b4-4313-b4c0-3eec3027232f,+201221746535,-50,2022-01-08 23:43:42,app,negative_or_zero_amount
88a2b06f-22e4-448c-b98b-a99ef1cc321b,+201013717850,-20,2022-09-23 20:05:52,app,negative_or_zero_amount
723e92d5-c378-467c-9b7a-7d936628bc38,+201199529701,5,2022-10-11 21:41:15,app,msisdn_not_in_customers
a92753cd-7cdc-4e6e-a39d-7b06c9e69507,+201026691215,-30,2022-08-17 09:12:30,app,negative_or_zero_amount
bba436c5-f457-4449-b6e5-c78ae99d19e3,+201063564072,-150,2022-05-20 20:34:04,ussd,negative_or_zero_amount
0c8ce648-b1ff-475f-821b-9a3443b9bfb6,+201215880705,-10,2022-05-17 07:10:15,online,negative_or_zero_amount
85d0478a-66c2-4d67-bb1a-c1cebf74ae64,+201180988516,20,2021-01-19 15:31:45,app,msisdn_not_in_customers
9f1b37d9-3d14-4e4e-bedc-174be0cc4c35,+201157228920,-200,2022-11-21 13:47:15,ussd,negative_or_zero_amount
84259f45-c495-4124-992b-3d16fa4dc20b,+201280974533,-20,2021-08-25 05:02:12,retailer,negative_or_zero_amount
1136d9f5-a5cc-424e-875c-235543787ec3,+201181685054,100,2021-02-04 20:39:24,ussd,msisdn_not_in_customers
e49ca72b-3c11-46bb-ab7a-606987d79490,+201537660465,-50,2022-10-19 10:36:07,online,negative_or_zero_amount
db27643b-3dbf-4c6b-b10f-29db5c427e43,+201501347789,25,2022-12-20 23:35:47,retailer,msisdn_not_in_customers
07475604-1f8b-4887-a0ed-3264e5632abf,+201118285605,-200,2021-02-07 23:43:54,ussd,negative_or_zero_amount
af9b2817-4616-45ab-a21c-1823a03acc62,+201055420340,-5,2022-10-27 21:48:34,app,negative_or_zero_amount
4827e3b3-c151-4b94-b601-186f74120cc2,+201019397814,100,2022-07-23 08:58:35,app,msisdn_not_in_customers
2f66fd4d-875e-4e32-8117-73a67c8ef52b,+201034778660,-10,2021-01-08 13:21:15,ussd,negative_or_zero_amount
239c743a-9ee7-4b0b-acb6-578d71c2d688,+201559545089,-25,2022-02-18 08:50:15,online,negative_or_zero_amount
e09fffc6-8c83-4e79-8568-392fa15f6cdb,+201099097005,-30,2021-01-19 11:07:18,retailer,negative_or_zero_amount
e6b3f483-c351-4aad-9afe-fa9fbc08154f,+201113928048,-15,2021-05-08 11:04:30,online,negative_or_zero_amount
65a4cb37-f74f-499f-9437-e2d6e9e94985,+201282477109,15,2022-12-15 00:00:20,app,msisdn_not_in_customers
52346a96-dbcb-4609-bcb4-4d8b749e1a56,+201014911894,-15,2022-02-17 18:18:17,retailer,negative_or_zero_amount
cff536d6-0edc-436d-8e5b-37c49c0e597c,+201588897535,20,2021-09-28 06:53:23,app,msisdn_not_in_customers
425fa85f-c282-435c-a8e3-d456e66c6275,+201021241393,-5,2021-09-03 19:43:43,app,negative_or_zero_amount
4bdf0743-41a2-453d-b6d5-ae9a63cf3a9f,+201004983211,-200,2022-07-18 20:03:13,app,negative_or_zero_amount
ec6fb278-0b55-4d0f-8299-95de324d4264,+201124412336,20,2022-10-27 08:03:16,online,msisdn_not_in_customers
16f5ad67-54cd-4ffd-81f8-7352dd98212d,+201511110286,-20,2022-09-07 10:16:26,online,negative_or_zero_amount
8f04dba4-0e40-46fb-b1d6-8f92ffdabb94,+201181685054,200,2022-08-16 12:19:11,app,msisdn_not_in_customers
e65bc535-9d35-44ed-a6b7-10f3dad00c2d,+201142321611,150,2022-08-07 05:01:07,online,msisdn_not_in_customers
ec6d8f66-d890-435b-bf75-3de163b7f810,+201563514846,-5,2021-11-02 23:58:20,app,negative_or_zero_amount
f3e7b387-b245-4a6c-beaf-929971eebe11,+201108952312,-50,2022-11-09 04:48:23,app,negative_or_zero_amount
5dd866c1-263d-4521-bc4b-8dccd879943d,+201551590257,20,2021-06-06 08:33:00,online,msisdn_not_in_customers
312f0c5f-e221-4f4d-bf7e-a68359134b97,+201220499809,-15,2022-04-11 08:04:30,app,negative_or_zero_amount
c365e2cd-bf85-45c1-a442-13c98ff4e4ca,+201573037183,-150,2022-10-09 16:58:08,online,negative_or_zero_amount
2c4e4c88-6df9-4e75-97bb-e6b469a1872a,+201242106294,-200,2022-02-22 01:42:36,ussd,negative_or_zero_amount
5e2b75f5-770c-45d6-9971-661ea81e2056,+201231355251,-100,2022-04-11 10:44:25,online,negative_or_zero_amount
2be36904-c8c3-4ccc-9c5b-6234efc82a96,+201279851583,-15,2022-10-10 19:30:40,ussd,negative_or_zero_amount
74f86637-95bb-4ee9-a3e7-5f8155a9b5ba,+201060652740,-25,2021-04-14 04:54:22,retailer,msisdn_not_in_customers
ac500f2a-f6b9-43a9-89f0-2c93a9fea3a9,+201108283230,-5,2021-10-02 06:42:18,online,negative_or_zero_amount
bbbd5f71-5fae-409d-8ef6-2ef8772f9061,+201504947873,15,2021-06-26 00:56:44,ussd,msisdn_not_in_customers
1b01b3ab-7e56-4e62-a8f6-eb86c4bae287,+201181685054,15,2022-02-23 21:50:49,retailer,msisdn_not_in_customers
6941f25b-491a-42ae-8851-747906b0a086,+201142321611,150,2021-01-14 23:04:03,online,msisdn_not_in_customers
c909342e-22c2-4a8c-a508-6b5a119c5c60,+201282477109,150,2022-01-07 15:45:18,retailer,msisdn_not_in_customers
f34c4372-dfde-4205-b68a-5f01d4c14651,+201176297454,-10,2022-04-01 21:29:04,online,negative_or_zero_amount
3950ceba-8faf-4e74-a498-9d855156f357,+201181685054,10,2021-08-01 08:24:13,app,msisdn_not_in_customers
5bbf3b7a-1ccd-44d4-b871-46a269806f53,+201504947873,150,2021-12-28 09:37:01,,msisdn_not_in_customers
acbb631b-9b96-41e1-a6c8-39e50cd7d3b7,+201124412336,5,2021-03-21 14:17:25,app,msisdn_not_in_customers
972628d5-66ea-401c-8b3f-0e9fe8e31cb9,+201251848947,150,2021-11-06 07:34:28,ussd,msisdn_not_in_customers
c339b68b-1b47-41de-a25d-7c1617d36200,+201280974533,-150,2021-01-28 21:07:38,app,negative_or_zero_amount
6e975ae8-4851-438c-808d-d2f654159c09,+201089164983,15,2022-01-05 22:50:48,online,msisdn_not_in_customers
39338370-5327-4166-95c6-d0db00dacef3,+201026691215,-15,2022-05-05 11:28:13,app,negative_or_zero_amount
f54eb3de-cb5e-4274-b212-5303cb26bc6f,+201599813646,-150,2022-12-18 13:59:39,app,negative_or_zero_amount
49b4e91c-117a-463a-bc35-ef3ea14899b3,+201132727956,-10,2022-01-19 16:39:23,app,negative_or_zero_amount
be0e3a99-8588-411d-84d3-88a60055fa9f,+201019397814,30,2021-07-01 15:08:10,ussd,msisdn_not_in_customers
35b4d961-7053-48c6-a6f1-865a80aa3168,+201157155868,-150,2022-01-13 06:49:58,retailer,negative_or_zero_amount
ac64f933-c12b-43bd-8a23-f20a809b782e,+201080466196,20,2021-10-08 07:30:54,ussd,msisdn_not_in_customers
beb3841a-dc52-457d-b050-b0569096db4f,+201561237407,-10,2021-11-21 23:52:14,ussd,negative_or_zero_amount
7be79bbb-3291-4ee3-94b7-2af138155a86,+201046084325,-25,2021-06-16 23:06:29,retailer,negative_or_zero_amount
a787e4e9-1b91-4480-8f91-5a4c5a3d1ce2,+201142321611,-150,2021-09-06 20:42:38,app,msisdn_not_in_customers
9d1de83f-7a84-4e08-b4dd-e31268e6d799,+201046498931,-5,2022-09-10 08:30:18,app,negative_or_zero_amount
293b3691-6b3a-432e-ab35-530f980266bc,+201189659994,-20,2022-03-18 04:09:17,online,negative_or_zero_amount
e84cfaec-ac5d-4dac-ae84-1dd14773a486,+201017222405,-20,2021-10-26 08:21:22,retailer,negative_or_zero_amount
d7eb3445-9329-417f-be28-4a7568e0350e,+201595137116,-150,2021-06-24 20:37:26,retailer,negative_or_zero_amount
cdadefd5-b5bf-4f62-a09f-5ea98d31bd40,+201142321611,25,2022-12-15 22:34:34,retailer,msisdn_not_in_customers
f27c25a2-b215-43ed-a88b-fe8e73e9817c,+201089164983,15,2021-09-08 00:38:24,online,msisdn_not_in_customers
b07bb49b-6a21-4ef1-b811-341493a9c076,+201038021462,-50,2021-05-02 03:49:02,online,negative_or_zero_amount
b2138a54-fa49-4224-adce-c281ac10f8a8,+201221017509,-15,2022-04-07 05:57:07,retailer,negative_or_zero_amount
50c067a1-03b7-4b59-9f12-28d44d49ac53,+201263031617,-5,2021-07-02 10:18:50,retailer,negative_or_zero_amount
ef263e63-d8d0-4f09-a36b-161005183bb9,+201091919113,100,2021-10-26 05:09:14,app,msisdn_not_in_customers
6457adeb-9c3f-4816-b942-a1861fe4624c,+201567548138,-10,2021-09-03 13:21:22,ussd,negative_or_zero_amount
6d8eeac4-26ed-49f2-b536-5ee62f9e30bc,+201553312661,-200,2022-09-19 03:29:42,ussd,negative_or_zero_amount
f8e47b4e-5f95-4c92-adcd-0e6b5960a881,+201273160943,200,2022-09-26 10:44:22,online,msisdn_not_in_customers
5e0d88da-90a8-4956-8b1e-26bb9b8f9ca4,+201000144076,-15,2022-10-03 00:09:44,app,negative_or_zero_amount
c936cd2c-bff3-46b9-b365-eafc663622c5,+201226033620,-50,2022-01-10 01:56:33,online,negative_or_zero_amount
f0d0c9c0-778b-498d-bdf9-c56ee47359fa,+201550622923,-10,2022-02-26 07:43:59,retailer,negative_or_zero_amount
ab484ecc-db3f-4437-8e80-5eb777d28ebe,+201142321611,150,2021-06-25 08:20:32,online,msisdn_not_in_customers
84a0e819-c738-4a93-bb9d-21fbab9c9674,+201565861793,-150,2021-05-20 16:25:16,online,negative_or_zero_amount
1c4c1e9c-d606-4ee7-81c3-729e4bd4be01,+201599552717,-25,2021-07-16 21:18:54,app,negative_or_zero_amount
944a4829-7698-4336-b4e1-b6e13199d066,+201085627187,20,2022-09-22 16:13:39,ussd,msisdn_not_in_customers
813615d2-6136-478a-bb84-ce99ab51a9e1,+201004983211,-5,2022-08-17 00:57:55,online,negative_or_zero_amount
e8f65bea-4f9e-4e30-b6a6-6ba32089be8c,+201020095366,-15,2022-10-20 14:58:48,retailer,negative_or_zero_amount
6cc30a58-9cd1-47bb-898d-fd4edef48c17,+201588897535,10,2021-11-02 22:53:13,online,msisdn_not_in_customers
deb4600c-7857-4532-9377-6ea0e29759bb,+201511221823,-10,2021-09-04 01:21:35,ussd,negative_or_zero_amount
1b8fc177-9667-4ab2-bf44-184081a0af87,+201251848947,10,2022-06-04 12:28:40,app,msisdn_not_in_customers
29cb4bf1-1754-42b5-9af2-6b1d9fe8d19d,+201518489742,-20,2021-10-16 03:45:24,online,negative_or_zero_amount
fd19d774-7081-41d6-9f9f-57939372f308,+201055996725,150,2022-07-17 17:46:42,online,msisdn_not_in_customers
7d264d91-283e-47f3-a5cd-2ee52f7898cb,+201091919113,-200,2021-12-22 10:44:46,online,msisdn_not_in_customers
7305b66b-42b4-4a1c-aabc-7850a5853dc9,+201551590257,15,2021-02-10 12:17:10,app,msisdn_not_in_customers
668845ec-68e7-4972-8e88-abacf851b931,+201012657898,-5,2022-09-08 22:46:32,ussd,negative_or_zero_amount
675d9540-481d-45f2-b0fb-24d4565b98c2,+201124412336,10,2022-03-18 00:02:10,app,msisdn_not_in_customers
188ffc3e-ea54-46f1-b755-22e7f5c80c1f,+201539855474,-100,2021-08-21 16:26:46,retailer,negative_or_zero_amount
befaeb5a-2576-4489-8013-b6313d7ebdc5,+201556798250,-5,2022-07-22 18:31:17,ussd,negative_or_zero_amount
ca3ff9b1-918d-432b-a23c-0a04344a209f,+201200902559,-5,2022-10-28 10:40:48,app,negative_or_zero_amount
7f877650-7adb-4c7d-9107-c6aa98e80d8e,+201180988516,100,2021-05-21 23:41:58,retailer,msisdn_not_in_customers
775b1024-7c58-433b-a984-de89ddb21d18,+201028140693,-50,2022-01-10 19:59:34,retailer,negative_or_zero_amount
056b8fca-cbdc-4532-981b-415664ba6934,+201181685054,20,2022-08-23 10:19:58,retailer,msisdn_not_in_customers
5bc007ac-b722-4b6b-ab75-b9533ccd94b1,+201274489061,20,2022-11-04 16:25:26,ussd,msisdn_not_in_customers
afa5fa5f-61ed-47f6-bcdb-75649e4723ca,+201287996846,200,2022-03-17 18:30:29,app,msisdn_not_in_customers
a068ddff-da41-4151-bf64-d3b34e2492a8,+201085627187,20,2021-12-15 05:09:38,retailer,msisdn_not_in_customers
87b0aeac-b82d-457b-a90a-13f04ebcd28d,+201052982173,-20,2022-01-13 11:22:55,online,negative_or_zero_amount
09072429-00f6-4c3a-ae1b-2ebff0d59e79,+201248869461,-15,2021-02-14 23:09:27,app,negative_or_zero_amount
9c159375-d488-45d5-beef-8b9cd828917c,+201134803965,-200,2022-08-31 05:28:23,app,negative_or_zero_amount
978bca98-c2fe-4802-977d-b9e49d80f990,+201273160943,20,2021-10-05 06:05:39,app,msisdn_not_in_customers
2ebb5e23-981a-48e1-9185-c395a9ebea9c,+201058488600,-150,2022-10-28 17:59:16,online,negative_or_zero_amount
e8401c4c-e69e-44e7-b808-596ed89aab8a,+201599577738,-100,2022-04-14 11:21:58,ussd,negative_or_zero_amount
e092d411-5e51-4809-a4cd-cbb270201282,+201089164983,20,2022-07-16 15:24:16,retailer,msisdn_not_in_customers
8c56a22f-803f-428f-9fdb-98b5d8528ff4,+201018648769,-150,2021-03-21 09:34:43,retailer,negative_or_zero_amount
1937d696-678c-4432-9028-ccacacecbf3b,+201220949407,-50,2021-02-04 10:25:33,online,negative_or_zero_amount
bb447c40-ef43-4102-873a-cae353a91d13,+201141553691,-15,2022-06-25 22:36:25,ussd,negative_or_zero_amount
6715d675-e68e-4a84-9165-3b2ea1a60b2a,+201019397814,20,2022-11-15 15:07:47,retailer,msisdn_not_in_customers
9b90bb44-69b9-43f2-bd8e-187917464f51,+201273160943,10,2022-03-06 16:04:03,app,msisdn_not_in_customers
044b3a96-db83-4465-8cb1-cfa89fcfac24,+201274489061,20,2022-07-20 16:35:17,online,msisdn_not_in_customers
db511b99-bc14-4bcf-a05b-870d229bd838,+201230688116,-25,2021-10-04 02:46:36,online,negative_or_zero_amount
214c3811-b27a-4269-b6c1-208ca0dd9d09,+201504947873,20,2021-01-07 15:13:46,app,msisdn_not_in_customers
b1a978ca-3b52-4ba3-a295-9bc2af1e8c18,+201085627187,100,2021-10-13 11:14:04,online,msisdn_not_in_customers
80a6bce3-5b27-445e-92f6-786ee140d5e1,+201278189137,-30,2021-06-09 20:27:47,online,negative_or_zero_amount
c6fc27b5-92fa-45c9-99ab-130c54ab4da5,+201147491624,-25,2021-04-20 02:31:39,app,negative_or_zero_amount
580fb844-762a-48d6-85ba-a522c9da67cc,+201020995765,-20,2021-11-28 09:35:15,app,negative_or_zero_amount
2d810c1b-1948-4640-b1d9-5c53912129a5,+201199529701,100,2022-06-03 10:15:56,,msisdn_not_in_customers
3df119ea-dc23-4e03-aca7-525995408b35,+201502563421,-20,2021-11-08 08:31:56,online,negative_or_zero_amount
8a5e424a-7098-4ad9-bd34-428cc8d8de34,+201196384526,50,2021-06-18 13:19:07,online,msisdn_not_in_customers
34506587-a9db-46e1-bc88-afbfefc0e7a7,+201196384526,100,2021-03-23 14:32:35,online,msisdn_not_in_customers
4b102a2f-4e79-4793-846a-7d262b6d7483,+201217244472,30,2021-05-08 18:45:38,app,msisdn_not_in_customers
d414ff88-e627-44b8-be11-73dadcf9b18f,+201189311325,200,2022-04-20 21:30:45,retailer,msisdn_not_in_customers
071ec0cf-6e0d-41f0-af96-a71ee3e8e0b4,+201539855474,-15,2022-10-07 16:27:57,retailer,negative_or_zero_amount
437862fd-153d-4ac8-a5d1-457f69444d24,+201217244472,100,2021-03-01 17:59:06,ussd,msisdn_not_in_customers
64061be6-f9f1-4cb2-8700-9be0f13c500a,+201038021462,-150,2022-05-01 14:13:31,app,negative_or_zero_amount
5f77877e-ac0b-4fa7-bdf3-27b1260e856a,+201289629805,-50,2021-10-01 12:33:11,ussd,negative_or_zero_amount
3c9c9788-02d3-46bc-bf81-89c571e1325b,+201079454918,-50,2022-09-10 02:41:01,online,negative_or_zero_amount
e75f62a8-270d-4859-8dcd-4f8e399aff2b,+201142022234,-25,2022-02-18 03:35:33,ussd,negative_or_zero_amount
4544ab57-d522-4463-b07e-f41539cb0d3b,+201277954176,-25,2022-09-04 02:22:08,app,negative_or_zero_amount
b676789b-8007-4d43-aa05-53c84b5be5cc,+201050723688,-30,2021-11-19 18:11:36,ussd,negative_or_zero_amount
03612f6d-d53f-427a-a5da-8c340fec9995,+201115790571,-25,2021-07-29 08:30:22,ussd,negative_or_zero_amount
23263c7d-858f-4c38-bb1a-f77e9c9bef12,+201274489061,50,2021-12-23 08:25:48,online,msisdn_not_in_customers
caf4c5ce-6486-405c-b816-c90ae2c64363,+201287996846,50,2021-05-24 18:08:42,ussd,msisdn_not_in_customers
2587e429-0883-423b-bcbe-67179489878e,+201274489061,100,2022-03-06 11:30:43,retailer,msisdn_not_in_customers
7d3289ff-5248-4013-948d-35b28471d1c1,+201021241393,-200,2022-05-25 22:44:37,ussd,negative_or_zero_amount
003b9c76-c210-4be0-8354-039acedd9997,+201124412336,100,2021-05-01 10:02:54,app,msisdn_not_in_customers
bf9857ca-b8cb-4a70-95ea-5714b360231f,+201232811659,-5,2021-06-07 07:20:55,app,negative_or_zero_amount
da7eabc4-145e-46bf-83b4-2868a2e21d10,+201136108092,-15,2021-01-08 13:48:01,online,negative_or_zero_amount
b38dbcba-9d82-426e-878b-dce28ceb75d2,+201152090421,5,2022-01-24 18:57:34,ussd,msisdn_not_in_customers
afceb31c-0a2a-44f3-acd2-cfabd6e306ad,+201089164983,10,2021-07-01 13:07:53,retailer,msisdn_not_in_customers
1473fdbb-e18b-4c82-8da5-6f1f1f2a5e5c,+201073726072,-25,2022-11-15 14:00:24,app,negative_or_zero_amount
dda6b526-6302-48c5-bdaf-ab5415931e58,+201210162249,-30,2021-03-09 22:17:13,online,negative_or_zero_amount
587a32d1-c7a5-4078-8dc0-71cc99c9b922,+201197925511,-30,2022-04-30 10:31:49,retailer,negative_or_zero_amount
0ebc8862-b18c-495a-b43e-84d237c15252,+201595137116,-10,2022-10-17 03:31:56,app,negative_or_zero_amount
9b525d40-14ed-4652-bb03-99ff8e86b5f5,+201567548138,-10,2021-12-29 15:52:32,app,negative_or_zero_amount
3e7c5793-8a94-4cba-ab25-84a4fbc9f366,+201510068761,-150,2021-11-04 11:28:58,online,negative_or_zero_amount
ebdaa411-c338-4f15-8e4a-6d9f8f1ae857,+201208621182,-5,2022-01-18 22:23:16,online,negative_or_zero_amount
dc64bc4a-05cd-408a-b000-54ad9d90038d,+201152090421,150,2022-05-14 14:12:21,ussd,msisdn_not_in_customers
1f59cdbd-a2dd-4b62-897d-0459ac1f3b72,+201588897535,5,2022-03-27 16:53:53,retailer,msisdn_not_in_customers
a14e93c9-591f-4cff-a11e-11b73ae296cc,+201233611371,10,2022-02-16 02:41:53,retailer,msisdn_not_in_customers
fb34281e-d0a7-4e09-aac9-6b4e6bca887e,+201180988516,100,2021-11-15 18:16:38,app,msisdn_not_in_customers
1269d47b-12fc-4492-8014-cc66ad11ab01,+201007964967,-50,2022-10-22 22:28:45,ussd,negative_or_zero_amount
a7f59735-498b-4548-9f2f-dfa5e0e8fa51,+201031637050,-15,2021-11-08 17:30:46,ussd,negative_or_zero_amount
3a962c21-16a2-409c-ac86-b0fc00b65d68,+201055973714,-50,2021-05-09 01:24:59,app,negative_or_zero_amount
d2f26ad8-e592-4f11-83c5-f633b89a11bf,+201278189137,-5,2021-10-02 15:46:27,ussd,negative_or_zero_amount
e6efc683-925d-422e-be97-8f585970af10,+201124412336,200,2021-07-01 00:22:38,online,msisdn_not_in_customers
001d337c-dfb2-4c0c-8c8b-192b5f61b08d,+201575396737,-15,2021-08-27 00:06:44,app,negative_or_zero_amount
abe6e154-6afc-499a-949a-1627d9b61fe9,+201089848416,-100,2021-09-23 01:15:43,retailer,negative_or_zero_amount
4698e09b-bf21-48aa-aa2a-e2f6ae170ebf,+201089164983,30,2022-10-21 01:25:52,ussd,msisdn_not_in_customers
b3027e29-b5d3-4a93-93a6-566176e7d94d,+201233611371,20,2022-08-10 20:26:59,retailer,msisdn_not_in_customers
3d7061fb-a945-4b39-bb88-600bee10ef99,+201181685054,15,2021-10-16 07:59:58,retailer,msisdn_not_in_customers
813abef8-ae71-4250-949b-800b5d5b1b71,+201003697117,-150,2021-07-18 10:31:00,online,negative_or_zero_amount
33fef812-1328-409a-9a09-4883df8d98ed,+201158937085,-15,2021-02-24 06:27:33,retailer,negative_or_zero_amount
3ab52e58-53f8-40d0-8f46-d3ac9f8637ac,+201595137116,-200,2022-01-04 23:46:30,retailer,negative_or_zero_amount
cb613b8e-01ee-4fd3-a24c-99df1c7a5a8d,+201560250826,-100,2021-10-21 15:51:01,,negative_or_zero_amount
3eccce11-5746-414c-bfd3-d8c040af4256,+201180988516,30,2021-03-29 05:43:55,app,msisdn_not_in_customers
bfdbc1ed-526a-4a2e-90be-9301582af0be,+201112110187,-30,2022-04-21 06:35:25,online,negative_or_zero_amount
276c0a49-d143-412d-908a-79b402536efb,+201119587305,-15,2021-02-13 06:36:43,ussd,negative_or_zero_amount
0b2ce8fd-3e44-4f36-93c1-641266a7b1a5,+201547528646,-10,2022-05-09 01:57:30,app,negative_or_zero_amount
3296f881-0f8d-4477-9190-440afa6f998f,+201028140693,-5,2021-08-05 01:14:41,ussd,negative_or_zero_amount
663ed7b1-c8ef-4ffd-9065-9eaf933c30af,+201153310600,-5,2021-05-06 05:37:54,retailer,negative_or_zero_amount
660784aa-0cc1-4016-8d3c-0659dd20deb5,+201038759271,-25,2022-01-27 21:41:48,online,negative_or_zero_amount
ce89cb5a-2695-4f1e-9ff6-7be9ace86898,+201086520575,-25,2021-11-16 23:10:34,retailer,negative_or_zero_amount
7cef2b88-b363-4d89-9651-9dd0c33426f5,+201184308948,-200,2021-11-12 10:00:23,app,negative_or_zero_amount
9af43e48-95af-4292-a5b4-70dbc4cf1321,+201041379772,-100,2021-04-16 11:13:16,,negative_or_zero_amount
1734f23c-1d82-471b-b234-228aac94e8d1,+201170795515,-15,2022-07-11 07:59:14,online,negative_or_zero_amount
bd51de00-2e4e-46cf-8657-4020f495ca94,+201524111860,-30,2021-04-30 09:49:48,app,negative_or_zero_amount
461e5ad5-3859-4b92-8434-80ef59a77cbc,+201160667998,-100,2022-09-14 23:02:43,retailer,negative_or_zero_amount
f71914bf-16d2-42ab-b6cf-48fdd486003f,+201501347789,15,2022-06-05 10:54:57,app,msisdn_not_in_customers
eaa61c86-64cd-4b1a-b8a7-16fd496b88a0,+201055420340,-15,2022-05-25 00:43:26,online,negative_or_zero_amount
d4572e41-18f9-4d30-bc9f-393bb6708d4d,+201282477109,-150,2022-03-31 20:41:48,app,msisdn_not_in_customers
b050394c-fa99-4232-9b5f-79c00fd2751a,+201584036900,-20,2022-07-06 20:07:55,ussd,negative_or_zero_amount
7d9010ee-7242-41a1-82f4-604f0dd54640,+201251848947,15,2021-07-04 04:57:07,retailer,msisdn_not_in_customers
c4929a96-2184-4bcd-8161-ffe53da53769,+201232811659,-15,2021-01-11 19:05:38,app,negative_or_zero_amount
df2ea36d-3b50-48d3-977f-9bdfc2d85de0,+201265328632,-25,2021-08-05 11:26:30,ussd,negative_or_zero_amount
c2abac7a-2b7e-4b55-95d8-57243aef2917,+201014911894,-10,2022-02-10 00:50:39,online,negative_or_zero_amount
949ccbf2-1c74-4f79-ab41-a3fccdf80ba7,+201124412336,15,2022-10-02 09:58:24,ussd,msisdn_not_in_customers
0f6abd57-34ae-4d7c-ba11-d23a09c5bf5f,+201124412336,100,2021-10-23 17:37:39,retailer,msisdn_not_in_customers
40e5951e-810e-4114-a92f-d4c5e11bca2a,+201216271361,-15,2022-11-12 05:40:42,ussd,negative_or_zero_amount
dc19db6d-c8c4-4805-b51d-50ce7f04c508,+201085627187,50,2022-11-07 14:23:51,online,msisdn_not_in_customers
178d1680-2c5f-4cb4-b627-3dc36d8af31d,+201152090421,30,2021-04-19 11:31:38,retailer,msisdn_not_in_customers
5778f8c8-0c7c-45bf-9c7e-354fce61cf3b,+201549426942,-15,2021-09-28 18:41:04,retailer,negative_or_zero_amount
5af1ad38-4660-4196-8a95-b438b720333d,+201089164983,15,2022-07-18 19:43:58,app,msisdn_not_in_customers
bcade21f-accb-406a-85d7-224dfe84ecf6,+201567548138,-150,2021-07-13 23:51:48,online,negative_or_zero_amount
a50b070a-0426-40b9-908c-9d0718f3c3b5,+201274489061,25,2022-12-17 16:59:25,retailer,msisdn_not_in_customers
bfd0618f-9b69-48e4-8266-1a0ad8fbb8ec,+201181685054,50,2022-12-01 06:31:16,online,msisdn_not_in_customers
38e8e977-79c3-41da-9eb0-8d5a9a538938,+201136133760,-200,2022-09-10 22:48:54,online,msisdn_not_in_customers
83bf4d4c-5af0-4e6d-bad9-f3c68d0352c6,+201267662623,-20,2021-01-08 23:28:36,ussd,negative_or_zero_amount
ef41126d-aa50-474d-a39b-726ec02d9dca,+201051204850,-150,2021-06-14 19:04:45,app,negative_or_zero_amount
de54e483-cb03-4218-9929-3d8c9b9a63cf,+201055996725,25,2021-08-23 00:01:47,ussd,msisdn_not_in_customers
e1a86a13-66d7-4db3-98ff-abc83227c817,+201189311325,100,2022-02-12 14:37:45,app,msisdn_not_in_customers
84792c34-e08c-4d40-bfab-41190897e3ba,+201132737989,100,2022-03-26 06:26:13,retailer,msisdn_not_in_customers
d62f437c-0120-47ae-b926-32f6c49c16f4,+201588897535,-15,2021-06-17 10:12:53,online,msisdn_not_in_customers
d1ef5459-2647-4bd2-a5c6-69498573e7ab,+201512128981,-200,2022-08-03 07:24:17,app,negative_or_zero_amount
15bd8062-eb0c-4428-9168-0c0bdcb72e1f,+201124412336,150,2022-07-15 00:01:16,app,msisdn_not_in_customers
73c4ca11-5467-44e3-8a1f-e80dccb7be2e,+201199796884,-30,2021-12-02 09:21:02,app,negative_or_zero_amount
8e1e09bc-d715-42f5-b500-eefca6de2a72,+201034956479,-15,2022-05-30 03:26:55,online,negative_or_zero_amount
7e11a094-6ff9-43da-a036-165c529bedec,+201204102767,-20,2022-02-25 16:21:51,,negative_or_zero_amount
79deec40-91f6-4a39-b9c3-73f0dfa1bf74,+201038802730,-25,2022-12-09 07:30:14,online,negative_or_zero_amount
7b3cd3f1-ea30-43b8-8e3f-70748ef0caf6,+201116708056,-100,2022-12-15 20:39:16,retailer,negative_or_zero_amount
d6896420-cb3e-4894-8808-f48d4749f03e,+201566155416,-200,2022-12-14 06:04:00,app,negative_or_zero_amount
d31fbf29-b404-4088-bcce-06a8f6406ea5,+201091919113,30,2022-01-17 07:34:35,app,msisdn_not_in_customers
753ea2ff-ead0-4bae-86c4-778891fcf364,+201030324329,-25,2021-03-10 04:25:21,online,negative_or_zero_amount
18ab1640-77db-4529-955a-fb0ab556e35a,+201019397814,100,2022-05-23 16:00:42,online,msisdn_not_in_customers
70fe5df3-9bc4-4011-925d-b0af2dd42099,+201280974533,-15,2022-01-17 20:01:26,online,negative_or_zero_amount
b78c8b24-b98c-4bc8-9112-bf3f83c67bb9,+201088634673,-30,2021-08-01 17:44:21,retailer,negative_or_zero_amount
6482ee3c-bd40-4954-90af-8be15c10d302,+201116708056,-5,2021-07-01 08:19:36,online,negative_or_zero_amount
b30ed693-51db-4945-af3c-e80debfa1aff,+201206579551,-25,2021-09-30 02:53:51,retailer,negative_or_zero_amount
d2f80f1c-5f3f-40ad-9e86-532a6bda675e,+201133647704,-100,2021-10-05 19:15:16,app,negative_or_zero_amount
f24b4537-2b09-42ff-a72f-1637571e2850,+201088634673,-15,2021-04-28 13:59:55,ussd,negative_or_zero_amount
9d1c4465-40c7-4f5a-b186-b971e316f915,+201178020586,-10,2021-07-17 11:05:59,app,negative_or_zero_amount
d1fa1dae-f507-43b9-b083-ebd40f49bce7,+201198262244,-5,2022-08-22 12:19:57,app,negative_or_zero_amount
268132aa-e5f0-411d-8f59-6cfb5543b036,+201274489061,25,2021-01-27 13:42:17,app,msisdn_not_in_customers
336955e7-b128-4bbe-b52b-ef1aae370cb4,+201015081247,-20,2021-04-05 00:44:51,online,negative_or_zero_amount
43955ca1-32c4-46d8-b5aa-72a18fa1f005,+201246176792,-15,2021-03-25 23:56:01,retailer,negative_or_zero_amount
a8e42447-9209-4df6-bce9-a036d103ca1b,+201009685642,-10,2021-12-10 17:24:39,retailer,negative_or_zero_amount
8550d06d-6270-4f2b-bb5a-36195bdb361c,+201102116673,-150,2021-10-08 00:25:01,ussd,negative_or_zero_amount
89098e12-3c06-4d45-9e7f-1aac61ea905e,+201047891179,-15,2022-11-14 06:35:18,retailer,negative_or_zero_amount
b6fa501a-72e5-4ad4-9b60-eb1abc910a61,+201282477109,20,2021-10-12 06:51:25,online,msisdn_not_in_customers
7487e188-c9f9-43f9-8011-6027063cb870,+201132737989,100,2022-11-16 08:58:00,online,msisdn_not_in_customers
22a166cc-9779-431d-8901-f3c225eb975b,+201175854859,10,2021-07-10 16:28:24,ussd,msisdn_not_in_customers
5664d3f5-953d-47d2-aa13-a66ecf035bb9,+201541395376,25,2021-02-26 20:43:33,,msisdn_not_in_customers
c80c909d-008f-4ee9-a342-12b5ee4a8508,+201274489061,25,2022-10-20 21:38:02,ussd,msisdn_not_in_customers
ff374d30-f14b-4b2b-804b-9339721c4c04,+201080466196,30,2022-11-01 09:28:26,ussd,msisdn_not_in_customers
dbd43cc7-0fb3-4bc6-8cff-a7628598be90,+201289930051,-25,2021-10-23 13:47:04,ussd,negative_or_zero_amount
af4cd4c9-39a5-4b1c-80ed-082e6d3b6d5b,+201091561829,-100,2021-07-21 15:33:31,online,negative_or_zero_amount
9ccc5f6e-4ff6-4d6f-8c24-a8ca6e4453ff,+201233611371,200,2022-08-08 02:44:09,app,msisdn_not_in_customers
751be1e4-1ccc-44d0-a5d1-a37373f82344,+201060652740,150,2021-03-06 21:00:13,retailer,msisdn_not_in_customers
333a9d38-c853-426a-8a8e-2039dfa92a8b,+201111395001,-100,2021-10-19 13:18:12,retailer,negative_or_zero_amount
e8ca1d1b-9d30-4ce1-9b68-a8752580dbd2,+201220499809,-15,2021-05-10 04:37:17,retailer,negative_or_zero_amount
c941f7f2-8215-4388-a541-ef063fef33d0,+201233611371,10,2022-07-19 01:50:10,ussd,msisdn_not_in_customers
b8a7f639-5e1f-4d6a-b7d9-edc5c7b0a4d8,+201282477109,-10,2022-05-16 17:15:29,online,msisdn_not_in_customers
712a0457-9307-4c2d-971e-960fccf854ff,+201196384526,100,2022-04-28 07:06:17,app,msisdn_not_in_customers
aeb15da9-5a2a-4819-856a-f4bfc784ddf9,+201189311325,30,2022-09-12 19:21:49,app,msisdn_not_in_customers
fe4a2f55-b0e4-43d1-a38b-9f122bfa740b,+201530600025,-150,2022-08-09 00:39:49,retailer,negative_or_zero_amount
9cb79940-2587-4a75-8a2b-aaea59211d0b,+201551590257,-30,2022-05-09 19:31:53,online,msisdn_not_in_customers
65094fb5-e81d-4366-9c47-4e47ed9377fa,+201040105123,-25,2022-07-07 23:18:44,retailer,negative_or_zero_amount
b4166dcb-9654-4c3f-99dc-9fb4ef189df3,+201181685054,200,2021-11-20 20:24:58,retailer,msisdn_not_in_customers
e1315729-b84f-4bf7-8bf8-780d51964e38,+201124412336,50,2022-12-16 15:09:57,app,msisdn_not_in_customers
6abf78d8-5b0a-4913-9d7f-ce76e3c99a65,+201086363745,-100,2022-09-25 00:07:09,online,negative_or_zero_amount
6d9674cc-179e-45b3-aeef-8017eabd67f3,+201588191485,-200,2022-10-11 01:01:02,ussd,negative_or_zero_amount
6afdab2d-0973-42d0-b4a2-1f66390f18c7,+201578221021,-50,2021-08-06 04:46:44,online,negative_or_zero_amount
09d74454-881b-4b18-a0ae-851ba7b4ca4f,+201189311325,25,2021-04-15 20:20:20,ussd,msisdn_not_in_customers
088c5515-be00-433a-9925-816a6d046437,+201085627187,15,2022-07-13 16:31:26,online,msisdn_not_in_customers
1bf05e6e-b4e0-4bdd-a0c3-dde4e0adb0d0,+201114236914,-30,2021-02-06 16:30:16,online,negative_or_zero_amount
1f02cf67-3509-458d-87c0-79aeaec63308,+201085627187,15,2021-12-15 09:16:09,online,msisdn_not_in_customers
505b0a02-66d4-487f-a39c-4c5c6b21f2c8,+201273160943,200,2021-02-20 22:50:58,retailer,msisdn_not_in_customers
40e751bf-37b6-445c-9e44-4ed96872b5b6,+201124412336,50,2022-12-19 13:56:18,ussd,msisdn_not_in_customers
28965ac8-bc18-4698-8b4e-86fbb1212313,+201189311325,200,2022-03-18 03:38:54,online,msisdn_not_in_customers
81cffbc0-af82-4521-b8a7-d7b8936fddf0,+201196384526,150,2021-04-10 04:56:04,ussd,msisdn_not_in_customers
c8ed463a-b1e2-4199-a345-611c0c37dd7c,+201184842199,-100,2021-01-24 07:14:36,app,negative_or_zero_amount
303031dd-2f0f-4cd5-9beb-8d60b0418947,+201215888636,-50,2022-04-23 03:48:13,ussd,negative_or_zero_amount
8043ed76-e6b1-4f6c-a559-bce882a73e66,+201060652740,150,2021-12-03 22:21:04,app,msisdn_not_in_customers
68338d00-2eb9-4d67-b958-2f90079a0180,+201155338033,-100,2021-01-12 11:39:08,online,negative_or_zero_amount
dc982af3-4cd0-4572-b1bf-4c35a13c0f20,+201233611371,20,2021-02-17 01:08:57,ussd,msisdn_not_in_customers
5871b112-0dd4-4723-87d9-1712af11bd1d,+201517957602,-5,2021-06-25 23:25:14,online,negative_or_zero_amount
f8c994b5-41b8-4f9e-9134-ccc0d499d729,+201124412336,15,2022-11-27 19:26:55,retailer,msisdn_not_in_customers
1aeb1072-1529-4b97-8afe-01893b1025fa,+201287996846,20,2022-07-17 22:18:18,,msisdn_not_in_customers
6be95a0d-cdb5-4b94-b9f3-433a87d619d1,+201033155206,-25,2021-11-11 17:31:45,ussd,negative_or_zero_amount
a7f3a958-ad4d-41a5-940c-da688a22f818,+201199529701,15,2022-02-03 01:29:53,ussd,msisdn_not_in_customers
ed8342eb-3edb-413f-ae89-0f3c11723fb8,+201196384526,5,2022-09-06 19:47:29,retailer,msisdn_not_in_customers
02b56501-eca9-4518-b3fb-f154587e53f8,+201551590257,15,2021-03-04 14:57:33,app,msisdn_not_in_customers
7ae8b605-0cb9-4f1b-a801-0eb67a4688d2,+201196384526,150,2022-03-07 09:18:19,ussd,msisdn_not_in_customers
800a0850-92aa-4acb-a52b-100cec3f3642,+201060652740,30,2022-05-23 13:08:17,app,msisdn_not_in_customers
4673db1b-7b35-4742-be03-d4bb23c4f421,+201132737989,20,2021-10-05 23:02:13,retailer,msisdn_not_in_customers
aa143b63-924a-420b-ab1d-d79881da690e,+201181685054,25,2022-05-15 03:21:36,online,msisdn_not_in_customers
34277b3f-55c8-4275-9327-e4ef9065c7ab,+201149163009,-150,2021-09-04 05:48:40,online,negative_or_zero_amount
73206d3d-ffb8-445f-8ba1-b79c96197512,+201014678669,-150,2022-09-03 06:34:33,ussd,negative_or_zero_amount
92f7ab42-6565-4c52-b1d8-10e07d61141b,+201501347789,100,2022-07-01 13:46:52,retailer,msisdn_not_in_customers
6da98507-f658-4d86-861c-718df8134485,+201185759582,-5,2022-06-20 12:38:19,ussd,negative_or_zero_amount
2310e156-ec71-410a-aad9-769ab557ff1a,+201019397814,5,2022-12-26 14:29:32,retailer,msisdn_not_in_customers
966e15ab-548b-4661-8cef-bdcf1b4c992b,+201271732030,-200,2021-04-22 11:51:28,online,negative_or_zero_amount
b2136909-f23c-474f-9ebe-b1259b88d809,+201274489061,25,2022-02-23 04:20:23,online,msisdn_not_in_customers
7eb1e311-bbd6-4dfe-a394-0e24cb5e6a86,+201233611371,150,2022-08-27 03:49:43,retailer,msisdn_not_in_customers
eeca1036-5706-4243-ba1d-9ddbbea31ef5,+201142321611,20,2022-04-01 22:44:08,online,msisdn_not_in_customers
dddce57b-420e-4821-8ae8-e33d01727494,+201113928048,-150,2021-04-01 10:09:35,online,negative_or_zero_amount
13557bac-9957-4399-9f6f-f1330b9e2445,+201564278961,-25,2022-10-18 06:35:21,retailer,negative_or_zero_amount
1f1b0f74-d537-495f-a5c3-65f08c5c9cbd,+201124412336,200,2021-04-27 07:07:32,ussd,msisdn_not_in_customers
5bb4a716-fd0f-4432-b41d-d4d5bab391eb,+201287996846,15,2021-07-26 20:16:19,app,msisdn_not_in_customers
2972db39-857b-4971-99a0-aab9c92bb739,+201542297125,-30,2021-05-02 00:46:46,online,negative_or_zero_amount
29c7f0eb-6f40-4085-92f1-a22458568469,+201015619318,-10,2021-08-27 07:09:04,app,negative_or_zero_amount
812e475e-8554-493a-b084-9be88020621b,+201019397814,25,2022-10-15 11:32:10,app,msisdn_not_in_customers
31b9dee7-05e6-48ea-a072-492cf8d83946,+201025427820,-50,2022-06-09 23:42:26,online,negative_or_zero_amount
01f53f2b-0347-4a68-993a-a772b31e5a00,+201199529701,150,2022-05-18 09:47:08,retailer,msisdn_not_in_customers
02237949-b2f7-4c94-88d7-5ce17fbe7fc2,+201217244472,100,2021-01-05 10:31:42,online,msisdn_not_in_customers
85a10fa9-f87d-4377-abcb-8f6aa7490a51,+201584290292,-50,2021-11-22 02:48:42,online,negative_or_zero_amount
07ba1531-2871-47d5-8b20-353238c586a3,+201217244472,-25,2021-06-14 01:32:51,ussd,msisdn_not_in_customers
fc2f3ea6-94e9-416a-9b67-b8411d5025b8,+201562128671,-30,2021-01-15 05:43:09,app,negative_or_zero_amount
b1761a4e-606a-497a-8bad-fdba1907b757,+201542297125,-5,2021-02-07 01:06:58,app,negative_or_zero_amount
ba4e716d-7d94-4124-9f6b-bfec5aa84ee0,+201132737989,200,2021-07-01 02:32:32,app,msisdn_not_in_customers
42a95ff8-266d-49d5-a3a9-1d15c3f05172,+201069694215,-150,2022-04-17 09:24:28,app,negative_or_zero_amount
eb66a62f-341d-4014-9e51-fac99e16b736,+201158896792,-200,2022-09-18 02:39:29,online,negative_or_zero_amount
79a92f75-fc14-4528-a190-8419a6849aa5,+201504947873,15,2022-02-24 03:10:50,app,msisdn_not_in_customers
f7cd91ce-a15b-4a6c-b28d-0e0a23d4f00b,+201076539705,-30,2022-03-31 13:35:53,online,negative_or_zero_amount
1fbe173c-8111-4eaf-af50-21e95f97422b,+201060827172,-100,2022-02-11 05:23:27,,negative_or_zero_amount
7d420ad3-ca32-490e-85e8-69797b6d6468,+201278550113,-25,2021-07-25 20:12:49,ussd,negative_or_zero_amount
79efe9fd-dc4d-4058-a64d-52d53ee115b9,+201021905188,-100,2022-05-25 01:03:50,retailer,negative_or_zero_amount
7f4c2412-162f-44e7-a80c-a0ae9bd01660,+201196384526,-10,2022-02-07 09:45:29,app,msisdn_not_in_customers
d859a09d-6e16-4818-87e6-661a4f8201f1,+201291497501,-10,2022-07-07 07:37:41,retailer,negative_or_zero_amount
916645aa-8755-4dd0-9abf-b1d5ab4ce87d,+201132737989,25,2022-07-08 20:43:49,online,msisdn_not_in_customers
edecfa13-ea9e-4a94-bab4-6a8031643809,+201168605063,-30,2021-02-26 11:08:08,retailer,negative_or_zero_amount
d181c166-a156-4c1c-aab4-0678d60c4c60,+201055996725,20,2021-09-25 20:35:30,app,msisdn_not_in_customers
a4622ad4-c57e-4c37-a6ca-4e90d215cc54,+201085627187,30,2021-06-23 23:57:21,retailer,msisdn_not_in_customers
863915f8-2d05-4fdc-94c3-2c6b288de065,+201287996846,25,2022-10-30 08:03:23,online,msisdn_not_in_customers
ce01965d-c8cc-4daa-863f-cfde3cea1cdb,+201100478686,-150,2022-11-17 01:21:53,app,negative_or_zero_amount
012584f1-9016-42c6-87f4-617526321905,+201568788788,-30,2022-12-14 09:32:43,ussd,negative_or_zero_amount
fe25c9c5-36ad-4f5b-9896-4ecf2a13860a,+201282477109,5,2021-03-06 18:51:51,online,msisdn_not_in_customers
98bb883d-0823-4bf0-9ea1-0f075bcc2ca5,+201174470120,-5,2021-06-26 01:25:31,online,negative_or_zero_amount
d7733434-9bb8-4e05-9a79-1130e02030a6,+201520998656,-100,2021-02-19 18:04:05,ussd,negative_or_zero_amount
5c68a9b8-cad5-484b-889c-276feddfe83c,+201196384526,200,2021-10-06 18:38:05,app,msisdn_not_in_customers
d1e6a7b8-7296-44ac-bf3c-4a144bd9507b,+201199529701,5,2022-01-16 03:46:25,online,msisdn_not_in_customers
456d6d98-3277-45b4-8a41-e91f8f4d663f,+201142321611,25,2022-01-16 19:22:46,retailer,msisdn_not_in_customers
3c92af61-1afd-4324-b41b-15ffc808763a,+201181685054,30,2021-02-16 23:25:10,app,msisdn_not_in_customers
df180205-a651-4c6d-8b01-d3b8610433b7,+201584984362,-10,2022-08-16 02:59:31,app,negative_or_zero_amount
a93b90b0-dd0c-498e-8d4f-2b8608475945,+201046498931,-100,2021-07-26 07:25:13,ussd,negative_or_zero_amount
61e364d2-c808-4701-a8f4-5bb9763e2fee,+201196384526,25,2021-11-09 09:26:55,retailer,msisdn_not_in_customers
08b19e08-34ea-47fa-8a93-a3ca0e38d1f5,+201055996725,100,2021-01-30 21:48:31,app,msisdn_not_in_customers
664aec2d-9115-406d-b747-87c834d438e6,+201136133760,25,2022-07-27 22:10:23,app,msisdn_not_in_customers
060eaacc-1d3e-4cd0-92d6-ba7722b3304c,+201085627187,30,2022-05-18 13:57:51,retailer,msisdn_not_in_customers
d0513b4e-d50c-43f1-a98e-b3ac86df8ba0,+201502529867,-100,2022-07-04 02:43:29,ussd,negative_or_zero_amount
acb304fa-25ce-4a0e-b584-2929ee8bb53d,+201181685054,200,2022-12-15 23:39:39,retailer,msisdn_not_in_customers
4e3393e0-f39d-438c-9181-315d3ac3d3a4,+201242121461,-15,2022-12-16 06:02:18,ussd,negative_or_zero_amount
b1709c91-649a-452c-8b1f-9e25410c7dbe,+201056686334,-10,2021-11-13 13:06:52,ussd,negative_or_zero_amount
55876a7f-f510-42f3-aa48-3dd3be3a6175,+201273160943,50,2021-06-29 11:41:06,online,msisdn_not_in_customers
100a865b-fb83-40bb-9a20-981713c7e00e,+201085627187,15,2021-04-02 06:15:17,retailer,msisdn_not_in_customers
4eb4b08c-384f-4488-accd-25071622d910,+201565636004,-20,2021-11-28 02:09:04,app,negative_or_zero_amount
167bad33-038f-4a82-91ce-b26aaceb8e8f,+201050166799,-20,2022-06-24 05:59:17,retailer,negative_or_zero_amount
29fd1999-e1bd-472c-8188-555bd90fdc36,+201504947873,50,2021-05-02 14:55:13,online,msisdn_not_in_customers
a3d6dd02-f420-4729-9de5-253b5e173932,+201136133760,30,2022-07-04 07:04:15,retailer,msisdn_not_in_customers
98915ab7-156b-4469-8768-7d769a28c968,+201189311325,30,2021-09-15 10:56:43,retailer,msisdn_not_in_customers
bdb7f41a-cbe9-46e5-b2d8-3cc88f0b5238,+201501347789,200,2022-09-12 09:33:26,ussd,msisdn_not_in_customers
b2dbd64d-cb87-4423-a239-fcd880f51aae,+201095151092,-30,2021-07-30 12:39:31,app,negative_or_zero_amount
1762008e-80e4-44e5-a0f6-38c3e666a826,+201251848947,10,2021-12-28 13:20:01,ussd,msisdn_not_in_customers
ba5e5204-0d7c-4760-bb9c-88c7af85047c,+201079420074,-25,2022-05-14 00:38:01,online,negative_or_zero_amount
5823bf34-b737-428f-9a3b-cc0328749fc7,+201164281319,-5,2021-01-07 01:43:45,app,negative_or_zero_amount
48531585-f988-459d-9d2b-7a9ac34c560b,+201170985931,-30,2022-03-13 08:29:37,online,negative_or_zero_amount
0e021bfe-6fd0-4545-86b5-6ed733af3eda,+201152090421,20,2021-07-17 06:53:54,app,msisdn_not_in_customers
80943bac-0b43-4e9b-98af-de4753f5e1e1,+201106165812,-20,2022-12-23 16:10:46,app,negative_or_zero_amount
819e861c-b15d-419e-a025-c9d946d12f5b,+201180988516,100,2021-06-08 04:11:40,retailer,msisdn_not_in_customers
f820b787-c24b-4168-b3ff-0884cbdbb66c,+201299939330,-5,2022-02-17 08:00:48,retailer,negative_or_zero_amount
6411dba0-cb3f-447b-9ce6-2a42a8bc45d5,+201089164983,10,2021-10-19 21:15:52,retailer,msisdn_not_in_customers
5c74abf7-7e56-4a95-ba77-175f1a9b00a5,+201091919113,100,2021-06-24 22:57:13,ussd,msisdn_not_in_customers
6179fa30-b9ea-4c65-b76c-81825bc3ebde,+201138503719,-10,2022-02-03 03:21:34,ussd,negative_or_zero_amount
c1e25b08-bcb2-4fd3-ba50-556ca62a7d8f,+201136133760,50,2022-06-06 11:34:53,app,msisdn_not_in_customers
19e90783-00fd-4fd1-ae74-447db14e7aed,+201546419623,-100,2022-06-16 14:10:52,app,negative_or_zero_amount
7fee9c84-bdc6-403a-a156-f92e28196050,+201196384526,10,2022-03-08 21:04:58,ussd,msisdn_not_in_customers
2cc1a728-c0bb-4c84-9519-67f1e50537d7,+201023972835,-10,2021-01-19 11:27:37,app,negative_or_zero_amount
1c6b6823-60ba-4c52-8441-8b23d48d1013,+201121173277,-15,2022-11-21 23:05:46,retailer,negative_or_zero_amount
3e2e5bac-5200-4243-bd5c-69c11c3e48ba,+201164381300,-20,2021-08-16 04:58:26,online,negative_or_zero_amount
2dc34321-9e84-4fb1-9888-f8aebaea14bb,+201060652740,20,2022-03-27 17:04:11,retailer,msisdn_not_in_customers
c4996b55-9787-4619-a879-14111cabd8dd,+201550344096,-50,2021-04-18 15:39:14,retailer,negative_or_zero_amount
b6235191-2e39-4260-a4f6-caf826f362f6,+201287996846,20,2021-03-23 17:39:22,online,msisdn_not_in_customers
be4c03e7-4681-4e8a-8892-44c056949f4d,+201091919113,5,2021-04-14 10:11:34,ussd,msisdn_not_in_customers
53ef3276-37a9-4f9a-aeb4-1cfcc2c52f14,+201575841616,-200,2021-07-02 15:11:22,online,negative_or_zero_amount
b62aa6c7-6752-458f-89f2-3cce6e5d4419,+201114417064,-10,2022-12-02 07:11:10,online,negative_or_zero_amount
33b13963-99f3-4c1e-8fd4-dcbe6292de33,+201251694097,-100,2022-03-13 03:21:03,online,negative_or_zero_amount
dd18622b-a31e-4f7c-97dd-4fa5c18c8069,+201180988516,100,2021-09-18 02:35:39,app,msisdn_not_in_customers
09befa79-6ca3-49a8-93e7-e30e7cffc14c,+201124412336,15,2022-02-11 08:57:37,online,msisdn_not_in_customers
80f5d52b-5934-4605-85e5-949ca46793f4,+201058300335,-30,2021-05-02 20:39:04,retailer,negative_or_zero_amount
e660c733-14e8-4dfd-be26-d4a99368c1d5,+201079420074,-200,2021-02-19 07:38:43,ussd,negative_or_zero_amount
fccd2d8b-780f-4b93-921e-c2de1b638745,+201274489061,25,2021-11-11 06:38:18,app,msisdn_not_in_customers
04372ec9-34da-438f-9c4c-a2a3c8b6e9c0,+201080466196,5,2022-10-21 04:00:27,retailer,msisdn_not_in_customers
67b43853-6867-4bc9-ab7e-6e95dd0f8a1c,+201043111508,-10,2021-12-04 07:00:34,ussd,negative_or_zero_amount
4ffafe1d-084a-4ae5-a428-f1d37c777540,+201504947873,5,2022-10-10 16:50:29,online,msisdn_not_in_customers
23182204-68df-4e8d-847d-715cd0b31bd2,+201565861793,-15,2022-02-05 13:41:46,retailer,negative_or_zero_amount
094d09e7-02a3-4150-919c-4b39ca39a1c2,+201559608931,-200,2022-07-27 05:02:42,app,negative_or_zero_amount
fa566a9f-a361-4959-8c1d-95b05e040a4c,+201504947873,30,2021-05-20 19:23:37,ussd,msisdn_not_in_customers
edd9b380-ad62-42ad-98fb-9ed44bbd6933,+201043416518,-30,2021-10-07 14:53:39,ussd,negative_or_zero_amount
ce08eac3-1006-41a8-bf08-bc6ed9803444,+201551590257,100,2022-08-13 03:58:18,,msisdn_not_in_customers
9d3e79f1-cfb0-4726-82dd-d93f38de27df,+201029158542,-50,2022-07-21 19:19:02,retailer,negative_or_zero_amount
384b22f6-6607-43cd-bd09-e7dba1ef778c,+201141085628,-10,2022-12-05 13:42:34,online,negative_or_zero_amount
69270b2d-ea1d-4e82-a8f6-ea6dde6ca8d8,+201160667998,-5,2022-04-20 17:20:19,retailer,negative_or_zero_amount
6813da51-c3db-4700-a8bf-456c2161d66c,+201534540193,-100,2022-01-13 10:21:32,app,negative_or_zero_amount
2114882e-2355-4507-b738-2a004a81064e,+201533977671,-30,2022-08-10 16:52:45,app,negative_or_zero_amount
3fefdec1-7d61-4df3-b93e-e68f33104861,+201585507896,-50,2021-11-28 04:08:56,online,negative_or_zero_amount
9f46f8ed-ab27-4f3f-8a0c-7dcfc28e40b8,+201199529701,15,2021-09-30 00:05:42,online,msisdn_not_in_customers
d499ddb3-5f22-424b-948b-6b7ff90856dc,+201142321611,30,2022-04-18 08:30:14,online,msisdn_not_in_customers
02e9a0fd-df6b-4476-933f-bd9e62556ffd,+201123288377,-50,2022-06-12 00:03:19,ussd,negative_or_zero_amount
e61a9461-87cd-4c63-97ed-8595b52560f5,+201019397814,30,2022-12-27 02:59:26,ussd,msisdn_not_in_customers
09216e58-4c79-4a73-b10f-df7ec0227f9d,+201012880133,-30,2021-02-22 13:53:11,online,negative_or_zero_amount
78e2709a-f155-42ba-8cd2-8b7b9e218179,+201091919113,20,2022-04-11 14:32:21,online,msisdn_not_in_customers
b8c6e034-1a13-4007-bcda-7fb43aea3b28,+201152090421,20,2021-03-23 15:45:02,retailer,msisdn_not_in_customers
516103cb-6c11-4870-840c-3c1bf0632068,+201288218849,-200,2021-04-19 13:01:10,retailer,negative_or_zero_amount
1c3a93d1-c06f-4196-b578-2f35f9daa956,+201504947873,25,2021-03-10 18:18:06,app,msisdn_not_in_customers
c2daeff3-c66f-42d2-ad53-c89905072325,+201019397814,200,2021-10-31 10:06:26,retailer,msisdn_not_in_customers
4df056ae-6c24-43fe-bc0b-e83266261c08,+201091919113,150,2022-10-20 01:30:10,,msisdn_not_in_customers
fcd2d519-d9a6-4fda-bb02-40d53ee3436f,+201549545089,-100,2022-07-06 00:36:00,online,negative_or_zero_amount
27b14926-3fdf-4e20-9b66-b49a7e3cc300,+201175854859,5,2022-04-18 05:18:36,app,msisdn_not_in_customers
54d6fea1-eb55-4863-854e-c3cf3ed455a2,+201023142900,-100,2022-05-04 16:12:04,ussd,negative_or_zero_amount
a9faa672-8e61-49a2-a510-83130f5d514e,+201132737989,50,2021-12-02 19:42:51,app,msisdn_not_in_customers
592f9b20-194d-469e-9977-49fe16122e92,+201136133760,10,2022-10-24 11:12:01,app,msisdn_not_in_customers
12fed974-2495-4d85-9681-a9efd77bcd9e,+201085627187,15,2022-01-02 11:00:26,retailer,msisdn_not_in_customers
9fb255d8-e0bf-4c35-a0e4-b33aa3e998b3,+201135157184,-25,2022-09-11 23:59:06,,negative_or_zero_amount
27431c71-1212-4d61-9eb6-2ce52f4cd471,+201116708056,-15,2022-03-25 09:38:35,online,negative_or_zero_amount
f6154400-1b8f-40c0-a756-0f69930cdfd0,+201080100623,-5,2022-03-30 05:35:33,online,negative_or_zero_amount
0b4bfcd0-4b93-4a2b-a87b-cf04d180a809,+201246234712,-20,2022-02-06 02:55:59,app,negative_or_zero_amount
63e18621-f036-4b34-8d39-05ac47923700,+201091907499,-100,2022-07-07 03:05:56,retailer,negative_or_zero_amount
da38fff5-574d-476e-81d6-42ce3af3632b,+201137050249,-50,2022-12-22 03:16:52,app,negative_or_zero_amount
b8fef0a3-7f45-4bae-bd29-38981aa3fb86,+201217244472,30,2022-12-16 06:05:19,retailer,msisdn_not_in_customers
c61606a7-9ac1-491e-a3bd-41b97c0a2dc3,+201196384526,20,2022-11-21 12:34:07,ussd,msisdn_not_in_customers
e9599f4e-d7ed-47a7-b173-3d9b12eadaaf,+201224033810,-10,2022-12-07 08:10:32,app,negative_or_zero_amount
d1b7ea65-b903-4130-88cb-3384ee71748b,+201234437575,-5,2021-10-26 15:32:23,ussd,negative_or_zero_amount
a299f4cf-dd65-4185-8c1c-4c8dbdb1ab99,+201251848947,30,2022-04-02 23:56:13,online,msisdn_not_in_customers
6e08adcf-e964-4bbb-83c8-c9278f94def9,+201091203025,-150,2022-01-13 22:04:56,app,negative_or_zero_amount
adc1e0f8-df94-4b98-9125-350db97d6292,+201180988516,25,2021-08-03 19:39:46,ussd,msisdn_not_in_customers
01636271-8e5c-4ac0-a8cb-3d65ed104e78,+201070260869,-150,2022-01-22 05:35:59,ussd,negative_or_zero_amount
cc48f05d-467d-451a-9295-cbb8a51f5e58,+201549545089,-150,2022-09-07 16:10:13,ussd,negative_or_zero_amount
3ccef63a-e84f-4ac0-979a-b39edd8cdf98,+201091919113,5,2021-09-08 13:19:32,retailer,msisdn_not_in_customers
d2a1f2d4-f0ff-46af-ac72-57d3d860b2eb,+201089164983,50,2022-06-05 19:25:11,retailer,msisdn_not_in_customers
a53c68ad-a029-431a-8c86-bc835236ea7b,+201016633822,-50,2021-10-15 19:43:16,online,negative_or_zero_amount
203908ae-bc5d-424d-8fdc-59f3eca3bfef,+201136133760,10,2021-03-16 16:46:08,ussd,msisdn_not_in_customers
f744c845-7aa0-4ffb-9224-4d1293f42bb0,+201528454018,-100,2022-01-17 21:24:30,retailer,negative_or_zero_amount
87f063a2-a026-4845-9494-a942f4693e0d,+201251848947,10,2021-09-08 23:41:45,app,msisdn_not_in_customers
dc106527-682c-4e43-9597-50189c54c34a,+201060607159,-30,2021-05-10 23:14:52,app,negative_or_zero_amount
eeef8af7-4402-4646-85d8-4e08fc769f2d,+201530944238,-25,2022-02-18 09:10:19,ussd,negative_or_zero_amount
97ee08ea-4f2b-4c75-8135-99363e5176f3,+201091919113,200,2022-03-17 18:49:33,retailer,msisdn_not_in_customers
6f930b7f-4910-40cc-b424-5c2def9668c0,+201138503719,-15,2022-06-03 16:20:16,retailer,negative_or_zero_amount
feccef98-1016-4827-baa6-ed35b186e87e,+201066587603,-30,2022-05-23 14:50:30,retailer,negative_or_zero_amount
fb8c4843-147b-4156-b05e-48ede31dd170,+201066496902,-10,2021-01-19 13:06:29,retailer,negative_or_zero_amount
dd7d0a3f-1e80-4f44-baf2-c61b365f65f3,+201575841616,-20,2021-12-09 01:15:04,app,negative_or_zero_amount
9d2160a8-6584-4cd0-b05e-b3fee3914497,+201163689702,-25,2021-06-02 00:20:05,retailer,negative_or_zero_amount
070e2c7c-18d4-4ee2-8ed0-edeca6e6982c,+201132737989,15,2021-02-27 19:06:58,ussd,msisdn_not_in_customers
a34a102c-2661-4af7-905c-41002befc3ff,+201206579551,-5,2021-02-04 15:40:32,ussd,negative_or_zero_amount
caae9eb5-33bb-476a-aa43-6213d54039c1,+201004983211,-20,2021-12-18 00:27:16,retailer,negative_or_zero_amount
a6439fef-28d9-4973-b95f-405166403707,+201055188442,-200,2022-10-31 10:57:09,ussd,negative_or_zero_amount
a0c19ce9-a37e-41ad-927e-8e7c2fa54779,+201180988516,25,2021-01-08 23:07:02,ussd,msisdn_not_in_customers
0efe95eb-8425-49d5-b23b-e50fc39d86ae,+201501347789,10,2022-10-25 05:44:36,retailer,msisdn_not_in_customers
c7a4608b-3dc2-4585-ac98-6f35174301d4,+201273160943,30,2021-01-25 23:38:10,retailer,msisdn_not_in_customers
9b732f9d-9a73-42aa-9bcc-07e4fad2ba3c,+201152090421,15,2021-06-09 14:01:53,online,msisdn_not_in_customers
e4211d77-b263-42eb-854e-df1cca42159c,+201541395376,15,2022-04-20 08:57:34,app,msisdn_not_in_customers
c8c589c7-412c-4d40-bec9-b8e4651ba737,+201055996725,20,2022-04-08 20:45:31,retailer,msisdn_not_in_customers
92e6a633-8232-4184-bfb2-d273a3da5fed,+201130882958,-30,2021-06-10 20:42:07,app,negative_or_zero_amount
00644d44-da08-44b0-9ab4-fca47b4d865b,+201274489061,20,2021-02-17 10:36:54,retailer,msisdn_not_in_customers
fdc6227e-b7a2-46b6-a529-dbb0220f16f2,+201096304530,-30,2022-02-21 11:48:02,retailer,negative_or_zero_amount
76971190-d4ff-4fe7-a05c-edf8b17ffe66,+201274489061,15,2022-04-18 02:57:23,online,msisdn_not_in_customers
28e06a29-0646-44f6-8019-74375e45affc,+201233611371,100,2022-11-10 03:27:02,ussd,msisdn_not_in_customers
e6481e66-57ef-46bb-88d9-93ad87c257a8,+201091907499,-15,2022-07-21 23:54:15,retailer,negative_or_zero_amount
42987d28-f282-4704-9138-7a89660ba633,+201273278814,-50,2022-10-25 13:07:10,online,negative_or_zero_amount
cc366974-a321-486d-b1b8-492461666df3,+201501347789,30,2021-12-17 11:17:55,online,msisdn_not_in_customers
4f8e00fe-86cb-4737-80aa-4006dbdbfc3c,+201142321611,200,2022-06-07 08:03:05,online,msisdn_not_in_customers
4c442e1a-188d-454b-ae82-15b31956bfbe,+201279851583,-50,2022-02-23 09:54:22,ussd,negative_or_zero_amount
a7b9cf43-640b-47f3-9dcc-e3552ba3d76e,+201220949407,-15,2022-08-03 16:47:02,retailer,negative_or_zero_amount
e3fa4831-000a-4d6c-93c3-dfe398de03ba,+201176246719,-15,2022-12-16 06:01:55,app,negative_or_zero_amount
e6570ee0-8184-4504-857d-eb631a479694,+201196384526,50,2022-08-16 03:56:57,retailer,msisdn_not_in_customers
f8264570-ef50-4eed-9c8c-adce7ff5d711,+201174470120,-30,2021-07-21 15:08:13,online,negative_or_zero_amount
726a430d-70c4-4f1e-b005-e030bf00c224,+201091919113,100,2022-03-26 15:41:29,online,msisdn_not_in_customers
7bb4fa7b-8e56-4c96-a2da-31eecccc79c0,+201158937085,-200,2021-08-08 19:48:01,app,negative_or_zero_amount
8707360b-e06e-46e1-a3fd-bf275a7f5b61,+201524111860,-15,2021-12-16 07:54:50,app,negative_or_zero_amount
0ab743d1-22dd-4bda-b0b6-7220188ea1b7,+201233611371,25,2022-02-04 19:23:36,retailer,msisdn_not_in_customers
27815f14-3809-4fdf-a102-25a1bf7ac329,+201536815418,-15,2022-06-19 22:10:25,retailer,negative_or_zero_amount
452366bf-61ec-4834-a651-59326f419a22,+201157349899,-5,2021-05-28 23:53:11,retailer,negative_or_zero_amount
73669f3b-994d-40e1-9e51-8b9e960a5fa2,+201004983211,-200,2022-01-12 15:12:15,online,negative_or_zero_amount
63a2b635-7619-4b15-90b2-d3194e65be89,+201534255638,-10,2021-05-17 18:12:15,ussd,negative_or_zero_amount
cd341f2a-d240-4383-8d59-cd803e7dd4a8,+201043030548,-15,2022-09-18 06:04:53,,negative_or_zero_amount
bea735a8-21b1-469a-99e0-7350baee6286,+201017766650,-200,2021-12-11 02:33:23,online,negative_or_zero_amount
da87ba27-ce98-4c19-a18e-be7039723baf,+201039261429,-5,2022-03-29 17:36:08,online,negative_or_zero_amount
6d91d28a-ee59-4ace-a89a-63694f55e077,+201080466196,20,2022-03-19 18:12:42,retailer,msisdn_not_in_customers
6d9787e3-b184-4cf6-9c43-5aa3f53b41c6,+201291497501,-10,2022-04-13 08:23:43,ussd,negative_or_zero_amount
b123e445-7ccc-4b30-abf5-58405fe5de87,+201181685054,30,2021-10-08 08:19:58,retailer,msisdn_not_in_customers
395e48a2-a565-40bd-8ffb-53df51c3c6a7,+201134191825,-20,2022-07-13 14:24:00,retailer,negative_or_zero_amount
1930b2d2-37a5-4afe-942c-ef8fcdf15c19,+201180988516,100,2021-01-30 09:25:07,ussd,msisdn_not_in_customers
d61ca251-b347-42f9-b2fe-004a4a17abac,+201060652740,50,2021-04-13 21:10:39,online,msisdn_not_in_customers
546ecb4a-9970-4e63-b386-4bee293afdc1,+201588897535,30,2021-10-10 13:50:06,,msisdn_not_in_customers
f1017023-1ba4-45d2-9f36-2d4e51ab68b3,+201534540193,-50,2022-10-24 23:38:51,app,negative_or_zero_amount
fc4d3802-e6c1-44d2-845c-769ded59287f,+201217244472,150,2022-09-08 10:38:55,ussd,msisdn_not_in_customers
57de4efa-07d8-4f29-83cb-2b5fd3f6f7e5,+201588897535,5,2022-02-26 01:04:46,online,msisdn_not_in_customers
27cfc533-5f16-4f06-9f7d-ce1879cf43ec,+201036089411,-20,2022-12-20 09:29:32,ussd,negative_or_zero_amount
29d90636-5a8b-4d0d-b705-656836fd7e41,+201091919113,20,2022-01-15 01:24:24,app,msisdn_not_in_customers
a201142e-c729-4b31-899f-9b0750ed27b0,+201136133760,5,2021-06-14 01:42:40,online,msisdn_not_in_customers
f8f75ac7-a32f-4878-aa98-557d1e8c89c9,+201039261429,-10,2021-07-02 00:02:23,online,negative_or_zero_amount
603e8be8-f5ad-49d0-bb37-3d074cfe10de,+201065965756,-200,2021-01-02 12:07:57,app,negative_or_zero_amount
c5b161fb-696b-4a35-b24c-ab001a988608,+201079454918,-15,2022-01-05 22:55:30,ussd,negative_or_zero_amount
3e651aaf-b308-4776-9e2a-205f09846631,+201510068761,-30,2021-11-09 08:38:33,online,negative_or_zero_amount
5cc43e2e-805c-4057-857d-19597961baaa,+201582058295,-5,2021-08-01 22:41:33,retailer,negative_or_zero_amount
6023145a-ace4-4519-b3be-eecd7fc9a1ec,+201541395376,200,2022-09-14 20:08:11,app,msisdn_not_in_customers
5e7449fc-c160-4ba5-b5df-bbb282f78367,+201070454218,-20,2021-03-04 00:31:40,online,negative_or_zero_amount
5cc071e1-77f6-4dd4-a173-6824ec57f136,+201175854859,50,2022-08-09 13:27:35,retailer,msisdn_not_in_customers
ed0a1611-64fd-462c-93a8-e270b8e96e68,+201230062212,-200,2022-07-27 15:54:43,ussd,negative_or_zero_amount
ef2a8a8d-918c-4821-8419-d3f933ce4edd,+201256684732,-100,2022-12-15 06:06:08,online,negative_or_zero_amount
2c7b4f61-32ab-4cdc-9e04-2041f085b59c,+201219398280,-50,2021-03-13 15:50:12,ussd,negative_or_zero_amount
897fc08a-7867-4457-8d0b-00013d867e3b,+201189311325,10,2021-04-28 05:42:55,ussd,msisdn_not_in_customers
e6fc6699-1ecb-4156-9851-a76a4147a0be,+201209377100,-15,2021-12-12 16:54:22,app,negative_or_zero_amount
98da6327-5802-4518-85db-bb9233042084,+201551590257,15,2021-07-31 05:24:56,ussd,msisdn_not_in_customers
35b118ac-f828-4dd9-a0b0-2f4e6b7aecb2,+201022691669,-20,2022-07-18 05:01:02,retailer,negative_or_zero_amount
5939cd7a-9ad4-4da8-a36f-ca73bf189c2f,+201047891179,-10,2021-04-04 18:50:57,,negative_or_zero_amount
2f846a59-594b-48ee-80a5-4a794e60afba,+201115313636,-50,2021-01-12 09:45:08,app,negative_or_zero_amount
6846d0b6-29c1-4422-a8b3-1641a357ae3a,+201113074235,-15,2022-02-01 00:56:29,app,negative_or_zero_amount
4ab1e223-635c-4a48-9739-f6d68dfd9a4d,+201168222394,-150,2021-09-06 08:36:42,app,negative_or_zero_amount
bb1dd83e-d45b-418b-a0e1-cbb58b2a81fb,+201278122489,-25,2022-06-20 12:01:18,,negative_or_zero_amount
775fbd11-d7a8-45ab-8aea-a274d59ee791,+201152090421,30,2022-06-13 06:45:32,online,msisdn_not_in_customers
fbef5930-c9b3-4e68-8198-3a62b16e7cdd,+201180988516,25,2022-02-11 12:50:02,online,msisdn_not_in_customers
820150e9-36a0-440c-8319-eca02f6b53bc,+201191725135,-30,2021-12-19 18:17:28,ussd,negative_or_zero_amount
3a40faee-b177-43c5-83b4-581406b35d03,+201080466196,30,2022-04-10 19:06:10,app,msisdn_not_in_customers
94754a33-0c8c-4da1-86aa-8a1efc677990,+201534540193,-20,2021-05-26 05:52:13,online,negative_or_zero_amount
8dae79c0-12a5-4865-8463-2d89d10d9449,+201501347789,5,2022-07-12 13:02:49,online,msisdn_not_in_customers
e67987ac-25e4-4ceb-9df5-4aaf125fba0a,+201089164983,50,2022-08-12 21:59:21,ussd,msisdn_not_in_customers
031fa32c-5bfe-44e6-9b70-878455aabedf,+201547548954,-5,2022-11-13 21:56:41,retailer,negative_or_zero_amount
02eeb9c1-0370-4f7c-8565-dfadf621d950,+201242121461,-30,2021-01-09 09:03:56,ussd,negative_or_zero_amount
4dc1970e-9d17-4f22-8608-cb14daf0fca9,+201160667998,-15,2021-10-01 15:38:23,app,negative_or_zero_amount
4f0e22d5-3d1a-4e79-b7e4-9375e9a970b9,+201290073971,-100,2021-07-09 21:40:44,ussd,negative_or_zero_amount
990517b2-1051-4c26-a031-80fb4c9b3a69,+201199529701,5,2022-03-02 04:38:59,online,msisdn_not_in_customers
6f0d8f51-66f3-41fc-8016-43beaf8f3193,+201089164983,25,2022-01-27 22:44:49,app,msisdn_not_in_customers
f2d2c467-1245-415d-9a26-a4b4b8f48271,+201055996725,20,2021-10-30 19:34:35,app,msisdn_not_in_customers
444ab2b1-2566-4911-9281-b08b65377106,+201502757454,-100,2021-11-20 17:49:00,online,negative_or_zero_amount
b9393496-6d0b-4d73-918f-070caf7e19e0,+201199529701,20,2021-11-25 21:17:20,ussd,msisdn_not_in_customers
f3cf7bb0-286b-466e-a983-aa7bf9e3b808,+201282477109,25,2021-12-15 09:16:30,ussd,msisdn_not_in_customers
df20f304-5bc3-41f6-9790-48e20bfcb187,+201196384526,150,2021-05-25 20:56:35,retailer,msisdn_not_in_customers
11aaf549-8a2b-4772-8cca-1105e1ede6f6,+201060652740,5,2022-06-22 23:15:42,app,msisdn_not_in_customers
663f7ec1-f785-4bcd-a88c-2543f52d953b,+201060930685,-10,2021-09-05 02:31:15,ussd,negative_or_zero_amount
0d9b3af0-1326-44ea-aeea-b5fd82438833,+201204773586,-50,2022-03-12 04:02:22,ussd,negative_or_zero_amount
e1e517e0-0672-4c27-9855-2628c9b622aa,+201282477109,15,2022-06-25 13:42:33,retailer,msisdn_not_in_customers
8b9fabf8-57c5-482a-9cef-8dfc0fbfc52f,+201197191260,-150,2022-10-17 21:54:53,app,negative_or_zero_amount
05acd57b-20b5-4674-bca6-d09c1174adfe,+201251848947,15,2022-12-12 04:45:43,app,msisdn_not_in_customers
b9d9fd6b-1879-44d2-857e-ffc2718b8e24,+201085766656,-25,2022-05-15 20:24:24,app,negative_or_zero_amount
6ea1f5ef-eafa-4f06-af39-9794631c1435,+201264170805,-15,2022-06-26 07:41:08,ussd,negative_or_zero_amount
292276e3-2ac1-4e83-a551-4cd9f559d97c,+201090040476,-200,2022-06-05 11:53:01,ussd,negative_or_zero_amount
4a0da0ca-6d4a-4325-87c4-bb69227f8049,+201188629127,-50,2022-12-07 05:26:28,ussd,negative_or_zero_amount
046de890-70f9-4556-8ee0-c9aeba7095ce,+201091919113,5,2022-08-21 11:30:39,online,msisdn_not_in_customers
f2242615-1a5a-49af-823b-3b973787dc3c,+201142321611,10,2022-12-16 14:14:57,ussd,msisdn_not_in_customers
8d823015-85b5-4c31-a522-9c4e61818e54,+201283311703,-100,2021-07-30 06:02:19,ussd,negative_or_zero_amount
10bbab10-d8fc-499e-8057-e0cca7c876b5,+201181685054,50,2021-06-15 17:48:01,online,msisdn_not_in_customers
73e6347e-aaf1-4554-a31c-dc17ebcab239,+201045212899,-20,2022-10-27 04:38:03,app,negative_or_zero_amount
639664c9-0a38-4f50-8f4b-91b3e13cdd67,+201231355251,-20,2022-04-03 04:12:58,ussd,negative_or_zero_amount
f8f0952e-1b20-4ffe-b0a5-ec403f05029d,+201265118102,-10,2022-11-27 20:49:46,app,negative_or_zero_amount
edda9d38-4a3e-4e2d-bfdf-28c969d68806,+201132737989,100,2021-01-11 12:49:40,online,msisdn_not_in_customers
11171c2e-b3b4-4095-a6ec-21e687e0b641,+201142022234,-30,2021-03-14 03:04:32,retailer,negative_or_zero_amount
09226fb3-4354-4864-8efb-d75b633bc9ce,+201274489061,30,2021-09-20 03:03:48,online,msisdn_not_in_customers
0f537577-515f-4069-9db8-0255453b9919,+201217244472,200,2022-08-24 03:33:48,app,msisdn_not_in_customers
a79c4cdd-d54d-49ca-9f67-56d080d5d7a3,+201597311219,-5,2022-02-07 21:52:14,app,negative_or_zero_amount
81044b8b-04eb-4709-9587-b25ed6057a35,+201028276364,-10,2021-03-28 16:19:44,ussd,negative_or_zero_amount
7393c88c-ae1c-4cfa-b64b-edc811a18e94,+201251848947,200,2022-11-20 23:34:02,ussd,msisdn_not_in_customers
bbd2e53e-756c-43a3-9b03-b3f4badd679a,+201251848947,150,2021-04-07 12:49:06,online,msisdn_not_in_customers
c49a5d1b-5eca-4d2b-86be-c77264a79664,+201504947873,10,2021-03-07 16:28:32,app,msisdn_not_in_customers
f005a63e-bbf2-4aff-8203-87fa520d8546,+201142321611,5,2022-07-30 18:59:12,app,msisdn_not_in_customers
2a4e20c7-03d5-4307-8197-1359f349b329,+201123477804,-100,2022-01-09 13:56:04,ussd,negative_or_zero_amount
cdd9c1e3-4d61-47e7-bf44-686dc29ca3c6,+201504947873,100,2021-11-26 04:59:08,online,msisdn_not_in_customers
b476bb72-5d87-4c19-8d3b-bfd962ceba62,+201180988516,10,2022-06-26 12:22:13,ussd,msisdn_not_in_customers
4fcaeb4a-5d8c-47f0-81f2-0cd5a29c37c3,+201089164983,20,2021-02-26 11:06:53,retailer,msisdn_not_in_customers
0860ce23-7e7f-4b6b-853d-911a45a7fdbf,+201132737989,20,2021-04-19 17:33:47,app,msisdn_not_in_customers
d39becaf-287c-4bc9-a4ca-0913cdd30abb,+201056241528,-150,2021-02-03 00:14:51,app,negative_or_zero_amount
6aef1f0d-13c2-4082-8277-c5a4b944d3d3,+201501347789,30,2022-04-16 02:15:59,retailer,msisdn_not_in_customers
21447d5e-10d8-45c9-8f91-f634b2eb23b3,+201230796373,-200,2021-03-27 17:27:47,online,negative_or_zero_amount
8936d234-fa00-4c7d-87e9-a8c80b734f89,+201152090421,150,2021-07-18 17:40:41,online,msisdn_not_in_customers
ca432b34-8ea5-40d7-a391-cab1b7a67c07,+201274489061,10,2022-06-17 23:35:34,app,msisdn_not_in_customers
0ff93403-ec54-4c2e-853e-47e87ff14d5a,+201551241893,-100,2022-07-14 10:27:27,ussd,negative_or_zero_amount
97f9633a-c9d1-4ea5-99b1-1f060a8dc353,+201055996725,100,2022-05-31 04:11:07,ussd,msisdn_not_in_customers
4a6d3164-304a-4a3b-a67f-4e9dda46d398,+201181685054,50,2021-12-04 15:39:10,retailer,msisdn_not_in_customers
93bbed1e-c940-4155-9cce-c633723a4853,+201089164983,25,2022-11-23 21:56:12,app,msisdn_not_in_customers
4d4b7cf5-e025-40c5-be5c-d9cce9556a30,+201530964969,-5,2022-06-07 00:56:03,online,negative_or_zero_amount
f5434677-1944-47d4-8c80-6fbab10c18b8,+201020095366,-50,2021-04-05 14:09:59,online,negative_or_zero_amount
e9d1fa99-d8a1-4fb5-b88b-41bfc01a115e,+201080466196,-25,2021-12-14 00:32:12,retailer,msisdn_not_in_customers
6fde20c2-82ef-4c79-bd2f-19fd4826e4de,+201233611371,10,2022-04-03 21:37:47,app,msisdn_not_in_customers
3608bbaf-35c1-44f9-b988-9faabca04f5d,+201041379772,-200,2022-10-05 20:31:27,app,negative_or_zero_amount
1c1a2f98-6093-4772-b765-4530291b0927,+201080466196,25,2022-02-01 02:30:57,retailer,msisdn_not_in_customers
bb9095a4-cbcf-41c6-81f1-499d321a9d1c,+201575339636,-30,2022-07-07 00:32:17,app,negative_or_zero_amount
4279c277-3396-4241-a812-c4b197f40eec,+201136133760,50,2022-09-24 08:16:22,retailer,msisdn_not_in_customers
8c0e90b1-3341-42d9-9b79-49ca2b59cd59,+201196384526,20,2021-07-20 22:07:36,,msisdn_not_in_customers
bdfee27e-3f55-4ccb-bdce-3c1df742d9cf,+201525265469,-5,2021-08-15 22:53:03,ussd,negative_or_zero_amount
ae158715-1a71-45dd-8e87-fa3fc21716c6,+201226033620,-150,2022-10-14 02:33:01,ussd,negative_or_zero_amount
b38246bd-ffc1-4a12-8ddf-a9627aac6940,+201180988516,150,2021-05-13 15:42:11,retailer,msisdn_not_in_customers
622ca15c-fa6f-41cb-8172-27f59ce97144,+201222823052,-25,2021-03-28 15:51:10,online,negative_or_zero_amount
830e2476-5583-4294-9f23-58ad5d3c6b38,+201232089532,-200,2022-01-18 03:49:26,online,negative_or_zero_amount
d4c52a7a-65f5-4981-a751-6dd1bd2a1909,+201199529701,150,2021-03-06 04:51:14,app,msisdn_not_in_customers
80f9e279-e102-43bf-9055-24308c216a08,+201233611371,25,2021-08-22 09:35:45,retailer,msisdn_not_in_customers
b02c09ef-7ebc-4b05-b956-1bab22170d73,+201280957394,-15,2021-03-19 10:21:09,retailer,negative_or_zero_amount
c17d8dc9-2a16-426b-acca-15d61224c489,+201196384526,5,2021-02-21 14:12:06,app,msisdn_not_in_customers
bdde8928-44a4-4ba9-93c2-a7c0c1b3b3b3,+201573477848,-200,2022-08-20 12:55:26,ussd,negative_or_zero_amount
be82cca4-dba9-412a-b38e-e36faeff29f7,+201043321819,-30,2022-12-02 01:10:37,ussd,negative_or_zero_amount
e0ca7139-5458-4652-9760-2c5c7126ddea,+201597203859,-5,2022-08-13 17:54:57,online,negative_or_zero_amount
